#CODEVALUEMODEL=CodeValueCountry|CODESYSTEMID=stati|CODESYSTEMNAME=Stati|CODESYSTEMDISPLAYNAME=Stati|VERSION=0|DESCRIPTION=Ambito - Stati Censiti Veneto |LANGUAGE=it|AUTHORITYNAME=IM4AURVeneto|AUTHORITYDESCRIPTION=IM4AURVeneto|AUTHORITYCONTACTINFORMATION=IM4AURVeneto|VALIDFROM=03/12/2013 16:29
ID SUFFIX|CODE|NAME|DESCRIPTION|ELEMENT TYPE|SEQUENCE NUMBER|STATUS|TRANSLATION[it]
100|100|ITALIA||C|0|1|ITALIA
201|201|ALBANIA||C|0|1|ALBANIA
202|202|ANDORRA||C|0|1|ANDORRA
203|203|AUSTRIA||C|0|1|AUSTRIA
204|204|ISOLE AZZORRE||C|0|1|ISOLE AZZORRE
205|205|ISOLE BALEARI||C|0|1|ISOLE BALEARI
206|206|BELGIO||C|0|1|BELGIO
208|208|.||C|0|1|.
209|209|BULGARIA||C|0|1|BULGARIA
210|210|CECOSLOVACCHIA||C|0|1|CECOSLOVACCHIA
211|211|CORSICA||C|0|1|CORSICA
212|212|DANIMARCA||C|0|1|DANIMARCA
213|213|ISOLE FAER OER||C|0|1|ISOLE FAER OER
214|214|FINLANDIA||C|0|1|FINLANDIA
215|215|FRANCIA||C|0|1|FRANCIA
216|216|GERMANIA||C|0|1|GERMANIA
218|218|DOMINIO DI GIBILTERRA||C|0|1|DOMINIO DI GIBILTERRA
219|219|REGNO UNITO||C|0|1|REGNO UNITO
220|220|GRECIA||C|0|1|GRECIA
221|221|IRLANDA||C|0|1|IRLANDA
222|222|IRLANDA DEL NORD||C|0|1|IRLANDA DEL NORD
223|223|ISLANDA||C|0|1|ISLANDA
224|224|IUGOSLAVIA||C|0|1|IUGOSLAVIA
225|225|LIECHTENSTEIN||C|0|1|LIECHTENSTEIN
226|226|LUSSEMBURGO||C|0|1|LUSSEMBURGO
227|227|MALTA||C|0|1|MALTA
228|228|ISOLA DI MAN||C|0|1|ISOLA DI MAN
229|229|MONACO||C|0|1|MONACO
230|230|ISOLE NORMANNE||C|0|1|ISOLE NORMANNE
231|231|NORVEGIA||C|0|1|NORVEGIA
232|232|PAESI BASSI||C|0|1|PAESI BASSI
233|233|POLONIA||C|0|1|POLONIA
234|234|PORTOGALLO||C|0|1|PORTOGALLO
235|235|ROMANIA||C|0|1|ROMANIA
236|236|SAN MARINO||C|0|1|SAN MARINO
237|237|REPUBBLICA MONTE ATHOS||C|0|1|REPUBBLICA MONTE ATHOS
239|239|SPAGNA||C|0|1|SPAGNA
240|240|SVEZIA||C|0|1|SVEZIA
241|241|SVIZZERA||C|0|1|SVIZZERA
243|243|UCRAINA||C|0|1|UCRAINA
244|244|UNGHERIA||C|0|1|UNGHERIA
245|245|FEDERAZIONE RUSSA||C|0|1|FEDERAZIONE RUSSA
246|246|SANTA SEDE||C|0|1|SANTA SEDE
247|247|ESTONIA||C|0|1|ESTONIA
248|248|LETTONIA||C|0|1|LETTONIA
249|249|LITUANIA||C|0|1|LITUANIA
250|250|CROAZIA||C|0|1|CROAZIA
251|251|SLOVENIA||C|0|1|SLOVENIA
252|252|BOSNIA-ERZEGOVINA||C|0|1|BOSNIA-ERZEGOVINA
253|253|EX REPUBBLICA JUGOSLAVA DI MACEDONIA||C|0|1|EX REPUBBLICA JUGOSLAVA DI MACEDONIA
254|254|MOLDOVA||C|0|1|MOLDOVA
255|255|SLOVACCHIA||C|0|1|SLOVACCHIA
256|256|BIELORUSSIA||C|0|1|BIELORUSSIA
257|257|REPUBBLICA CECA||C|0|1|REPUBBLICA CECA
272|272|KOSOVO||C|0|1|KOSOVO
301|301|AFGANISTAN||C|0|1|AFGANISTAN
302|302|ARABIA SAUDITA||C|0|1|ARABIA SAUDITA
303|303|ISOLE ASHMOREE E CARTIER||C|0|1|ISOLE ASHMOREE E CARTIER
304|304|BAHREIN||C|0|1|BAHREIN
305|305|BANGLADESH||C|0|1|BANGLADESH
306|306|BHUTAN||C|0|1|BHUTAN
307|307|MYANMAR||C|0|1|MYANMAR
308|308|TERRITORIO BRITANNICO OCEANO INDIANO||C|0|1|TERRITORIO BRITANNICO OCEANO INDIANO
309|309|BRUNEI||C|0|1|BRUNEI
310|310|CAMBOGIA||C|0|1|CAMBOGIA
311|311|SRI LANKA||C|0|1|SRI LANKA
312|312|ISOLA DI CHRISTMAS||C|0|1|ISOLA DI CHRISTMAS
313|313|TAIWAN||C|0|1|TAIWAN
314|314|REPUBBLICA POPOLARE CINESE||C|0|1|REPUBBLICA POPOLARE CINESE
315|315|CIPRO||C|0|1|CIPRO
317|317|CISGIORDANIA||C|0|1|CISGIORDANIA
318|318|ISOLE COCOS||C|0|1|ISOLE COCOS
319|319|REPUBBLICA POPOLARE DEMOCRATICA DI COREA||C|0|1|REPUBBLICA POPOLARE DEMOCRATICA DI COREA
320|320|REPUBBLICA DI COREA||C|0|1|REPUBBLICA DI COREA
321|321|DODECANNESO||C|0|1|DODECANNESO
322|322|EMIRATI ARABI UNITI||C|0|1|EMIRATI ARABI UNITI
323|323|FILIPPINE||C|0|1|FILIPPINE
324|324|TERRITORI DELLA AUTONOMIA PALESTINESE||C|0|1|TERRITORI DELLA AUTONOMIA PALESTINESE
325|325|GERUSALEMME||C|0|1|GERUSALEMME
326|326|GIAPPONE||C|0|1|GIAPPONE
327|327|GIORDANIA||C|0|1|GIORDANIA
328|328|ALTURE DI GOLAN||C|0|1|ALTURE DI GOLAN
329|329|HONG KONG||C|0|1|HONG KONG
330|330|INDIA||C|0|1|INDIA
331|331|INDONESIA||C|0|1|INDONESIA
332|332|IRAN||C|0|1|IRAN
333|333|IRAQ||C|0|1|IRAQ
334|334|ISRAELE||C|0|1|ISRAELE
335|335|KUWAIT||C|0|1|KUWAIT
336|336|LAOS||C|0|1|LAOS
337|337|LIBANO||C|0|1|LIBANO
338|338|MACAO||C|0|1|MACAO
339|339|MALDIVE||C|0|1|MALDIVE
340|340|MALAYSIA||C|0|1|MALAYSIA
341|341|MONGOLIA||C|0|1|MONGOLIA
342|342|NEPAL||C|0|1|NEPAL
343|343|OMAN||C|0|1|OMAN
344|344|PAKISTAN||C|0|1|PAKISTAN
345|345|QATAR||C|0|1|QATAR
346|346|SINGAPORE||C|0|1|SINGAPORE
347|347|SINAI||C|0|1|SINAI
348|348|SIRIA||C|0|1|SIRIA
349|349|THAILANDIA||C|0|1|THAILANDIA
350|350|TIMOR ORIENTALE||C|0|1|TIMOR ORIENTALE
351|351|TURCHIA||C|0|1|TURCHIA
352|352|UNIONE SOVIETICA ASIATICA||C|0|1|UNIONE SOVIETICA ASIATICA
353|353|VIETNAM||C|0|1|VIETNAM
354|354|YEMEN||C|0|1|YEMEN
356|356|KAZAKHSTAN||C|0|1|KAZAKHSTAN
357|357|UZBEKISTAN||C|0|1|UZBEKISTAN
358|358|ARMENIA||C|0|1|ARMENIA
359|359|AZERBAIGIAN||C|0|1|AZERBAIGIAN
360|360|GEORGIA||C|0|1|GEORGIA
361|361|KIRGHIZISTAN||C|0|1|KIRGHIZISTAN
362|362|TAGIKISTAN||C|0|1|TAGIKISTAN
363|363|TAIWAN||C|0|1|TAIWAN
364|364|TURKMENISTAN||C|0|1|TURKMENISTAN
401|401|ALGERIA||C|0|1|ALGERIA
402|402|ANGOLA||C|0|1|ANGOLA
403|403|FASCIA DI AOUZOU||C|0|1|FASCIA DI AOUZOU
404|404|COSTA D''AVORIO||C|0|1|COSTA D''AVORIO
405|405|BAIA DELLA BALENA||C|0|1|BAIA DELLA BALENA
406|406|BENIN||C|0|1|BENIN
407|407|BOPHUTHATSWANA||C|0|1|BOPHUTHATSWANA
408|408|BOTSWANA||C|0|1|BOTSWANA
409|409|BURKINA FASO||C|0|1|BURKINA FASO
410|410|BURUNDI||C|0|1|BURUNDI
411|411|CAMERUN||C|0|1|CAMERUN
412|412|ISOLE CANARIE||C|0|1|ISOLE CANARIE
413|413|CAPO VERDE||C|0|1|CAPO VERDE
414|414|REPUBBLICA CENTRAFRICANA||C|0|1|REPUBBLICA CENTRAFRICANA
415|415|CIAD||C|0|1|CIAD
416|416|CISKEY||C|0|1|CISKEY
417|417|COMORE||C|0|1|COMORE
418|418|CONGO||C|0|1|CONGO
419|419|EGITTO||C|0|1|EGITTO
420|420|ETIOPIA||C|0|1|ETIOPIA
421|421|GABON||C|0|1|GABON
422|422|GAMBIA||C|0|1|GAMBIA
423|423|GHANA||C|0|1|GHANA
424|424|GIBUTI||C|0|1|GIBUTI
425|425|GUINEA||C|0|1|GUINEA
426|426|GUINEA BISSAU||C|0|1|GUINEA BISSAU
427|427|GUINEA EQUATORIALE||C|0|1|GUINEA EQUATORIALE
428|428|KENIA||C|0|1|KENIA
429|429|LESOTHO||C|0|1|LESOTHO
430|430|LIBERIA||C|0|1|LIBERIA
431|431|LIBIA||C|0|1|LIBIA
432|432|MADAGASCAR||C|0|1|MADAGASCAR
433|433|MADERA||C|0|1|MADERA
434|434|MALAWI||C|0|1|MALAWI
435|435|MALI||C|0|1|MALI
436|436|MAROCCO||C|0|1|MAROCCO
437|437|MAURITANIA||C|0|1|MAURITANIA
438|438|MAURITIUS||C|0|1|MAURITIUS
439|439|MAYOTTE||C|0|1|MAYOTTE
440|440|MOZAMBICO||C|0|1|MOZAMBICO
441|441|NAMIBIA||C|0|1|NAMIBIA
442|442|NIGER||C|0|1|NIGER
443|443|NIGERIA||C|0|1|NIGERIA
444|444|PIAZZE DI SOVRANITA||C|0|1|PIAZZE DI SOVRANITA
445|445|ISOLA DELLA RIUNIONE||C|0|1|ISOLA DELLA RIUNIONE
446|446|RUANDA||C|0|1|RUANDA
447|447|SANT''ELENA||C|0|1|SANT''ELENA
448|448|SAO TOME'' E PRINCIPE||C|0|1|SAO TOME'' E PRINCIPE
449|449|SEYCHELLES||C|0|1|SEYCHELLES
450|450|SENEGAL||C|0|1|SENEGAL
451|451|SIERRA LEONE||C|0|1|SIERRA LEONE
452|452|SOCOTRA||C|0|1|SOCOTRA
453|453|SOMALIA||C|0|1|SOMALIA
454|454|SUD AFRICA||C|0|1|SUD AFRICA
455|455|SUDAN||C|0|1|SUDAN
456|456|SWAZILAND||C|0|1|SWAZILAND
457|457|TANZANIA||C|0|1|TANZANIA
458|458|TOGO||C|0|1|TOGO
459|459|TRANSKEY||C|0|1|TRANSKEY
460|460|TUNISIA||C|0|1|TUNISIA
461|461|UGANDA||C|0|1|UGANDA
462|462|VENDA||C|0|1|VENDA
463|463|REPUBBLICA DEMOCRATICA CONGO||C|0|1|REPUBBLICA DEMOCRATICA CONGO
464|464|ZAMBIA||C|0|1|ZAMBIA
465|465|ZIMBABWE||C|0|1|ZIMBABWE
466|466|ERITREA||C|0|1|ERITREA
501|501|ALASKA||C|0|1|ALASKA
502|502|ISOLA DI ANGUILLA||C|0|1|ISOLA DI ANGUILLA
503|503|ANTIGUA E BARBUDA||C|0|1|ANTIGUA E BARBUDA
504|504|ANTILLE OLANDESI CENTROAMERICANE||C|0|1|ANTILLE OLANDESI CENTROAMERICANE
505|505|BAHAMAS||C|0|1|BAHAMAS
506|506|BARBADOS||C|0|1|BARBADOS
507|507|BELIZE||C|0|1|BELIZE
508|508|ISOLE BERMUDE||C|0|1|ISOLE BERMUDE
509|509|CANADA||C|0|1|CANADA
510|510|ZONA DEL CANALE||C|0|1|ZONA DEL CANALE
511|511|ISOLE CAYMAN||C|0|1|ISOLE CAYMAN
512|512|ATOLLO DI CLIPPERTON||C|0|1|ATOLLO DI CLIPPERTON
513|513|COSTARICA||C|0|1|COSTARICA
514|514|CUBA||C|0|1|CUBA
515|515|DOMINICA||C|0|1|DOMINICA
516|516|REPUBBLICA DOMINICANA||C|0|1|REPUBBLICA DOMINICANA
517|517|EL SALVADOR||C|0|1|EL SALVADOR
518|518|GIAMAICA||C|0|1|GIAMAICA
519|519|GRENADA||C|0|1|GRENADA
520|520|GROENLANDIA||C|0|1|GROENLANDIA
521|521|ISOLA DI GUADALUPA||C|0|1|ISOLA DI GUADALUPA
522|522|GUANTANAMO||C|0|1|GUANTANAMO
523|523|GUATEMALA||C|0|1|GUATEMALA
524|524|HAITI||C|0|1|HAITI
525|525|HONDURAS||C|0|1|HONDURAS
526|526|ISOLA DELLA MARTINICA||C|0|1|ISOLA DELLA MARTINICA
527|527|MESSICO||C|0|1|MESSICO
528|528|ISOLA DI MONTSERRAT||C|0|1|ISOLA DI MONTSERRAT
529|529|NICARAGUA||C|0|1|NICARAGUA
530|530|PANAMA||C|0|1|PANAMA
531|531|STATO LIBERO ASSOCIATO DI PORTORICO||C|0|1|STATO LIBERO ASSOCIATO DI PORTORICO
532|532|SAINT LUCIA||C|0|1|SAINT LUCIA
533|533|SAINT VINCENT E GRENADINE||C|0|1|SAINT VINCENT E GRENADINE
534|534|SAINT KITTS E NEVIS||C|0|1|SAINT KITTS E NEVIS
535|535|SAINT PIERRE E MIQUELON||C|0|1|SAINT PIERRE E MIQUELON
536|536|STATI UNITI D''AMERICA||C|0|1|STATI UNITI D''AMERICA
537|537|ISOLE TURKS E CAICOS||C|0|1|ISOLE TURKS E CAICOS
538|538|ISOLE VERGINI AMERICANE||C|0|1|ISOLE VERGINI AMERICANE
539|539|ISOLE VERGINI BRITANNICHE||C|0|1|ISOLE VERGINI BRITANNICHE
601|601|ANTILLE OLANDESI SUDAMERICANE||C|0|1|ANTILLE OLANDESI SUDAMERICANE
602|602|ARGENTINA||C|0|1|ARGENTINA
603|603|ISOLA DI ARUBA||C|0|1|ISOLA DI ARUBA
604|604|BOLIVIA||C|0|1|BOLIVIA
605|605|BRASILE||C|0|1|BRASILE
606|606|CILE||C|0|1|CILE
607|607|ISOLE CILENE||C|0|1|ISOLE CILENE
608|608|COLOMBIA||C|0|1|COLOMBIA
609|609|ECUADOR||C|0|1|ECUADOR
610|610|ISOLE FALKLAND||C|0|1|ISOLE FALKLAND
611|611|ISOLE GALAPAGOS||C|0|1|ISOLE GALAPAGOS
612|612|GUYANA||C|0|1|GUYANA
613|613|GUAIANA FRANCESE||C|0|1|GUAIANA FRANCESE
614|614|PARAGUAY||C|0|1|PARAGUAY
615|615|PERU''||C|0|1|PERU''
616|616|SURINAME||C|0|1|SURINAME
617|617|TRINIDAD E TOBAGO||C|0|1|TRINIDAD E TOBAGO
618|618|URUGUAY||C|0|1|URUGUAY
619|619|VENEZUELA||C|0|1|VENEZUELA
701|701|AUSTRALIA||C|0|1|AUSTRALIA
702|702|ISOLE COOK||C|0|1|ISOLE COOK
703|703|FIGI||C|0|1|FIGI
704|704|ISOLA DI GUAM||C|0|1|ISOLA DI GUAM
705|705|ISOLE HAWAII||C|0|1|ISOLE HAWAII
706|706|IRIAN OCCIDENTALE||C|0|1|IRIAN OCCIDENTALE
707|707|ATOLLO DI JOHNSON||C|0|1|ATOLLO DI JOHNSON
708|708|KIRIBATI||C|0|1|KIRIBATI
709|709|ISOLA DI MACQUARIE||C|0|1|ISOLA DI MACQUARIE
710|710|TERRITORIO ISOLE DEL MAR DEI CORALLI||C|0|1|TERRITORIO ISOLE DEL MAR DEI CORALLI
711|711|ISOLE MARIANNE SETTENTRIONALI||C|0|1|ISOLE MARIANNE SETTENTRIONALI
712|712|ISOLE MARSHALL||C|0|1|ISOLE MARSHALL
713|713|STATI FEDERATI DI MICRONESIA||C|0|1|STATI FEDERATI DI MICRONESIA
714|714|ISOLE MIDWAY||C|0|1|ISOLE MIDWAY
715|715|NAURU||C|0|1|NAURU
716|716|ATOLLO DI NIUE||C|0|1|ATOLLO DI NIUE
717|717|ISOLE DI NORFOLK||C|0|1|ISOLE DI NORFOLK
718|718|ISOLE DELLA NUOVA CALEDONIA||C|0|1|ISOLE DELLA NUOVA CALEDONIA
719|719|NUOVA ZELANDA||C|0|1|NUOVA ZELANDA
720|720|PALAU||C|0|1|PALAU
721|721|PAPUA NUOVA GUINEA||C|0|1|PAPUA NUOVA GUINEA
722|722|ISOLA DI PASQUA||C|0|1|ISOLA DI PASQUA
723|723|ISOLA DI PITCAIRN||C|0|1|ISOLA DI PITCAIRN
724|724|POLINESIA FRANCESE||C|0|1|POLINESIA FRANCESE
725|725|ISOLE SALOMONE||C|0|1|ISOLE SALOMONE
726|726|ISOLE SAMOA AMERICANE||C|0|1|ISOLE SAMOA AMERICANE
727|727|SAMOA||C|0|1|SAMOA
728|728|TASMANIA||C|0|1|TASMANIA
729|729|ISOLE TOKELAU||C|0|1|ISOLE TOKELAU
730|730|TONGA||C|0|1|TONGA
731|731|TUVALU||C|0|1|TUVALU
732|732|VANUATU||C|0|1|VANUATU
733|733|ATOLLO DI WAKE||C|0|1|ATOLLO DI WAKE
734|734|ISOLE WALLIS E FUTUNA||C|0|1|ISOLE WALLIS E FUTUNA
801|801|TERRITORIO ANTARTICO AMERICANO||C|0|1|TERRITORIO ANTARTICO AMERICANO
802|802|TERRITORIO ANTARTICO ARGENTINO||C|0|1|TERRITORIO ANTARTICO ARGENTINO
803|803|TERRITORIO ANTARTICO AUSTRALIANO||C|0|1|TERRITORIO ANTARTICO AUSTRALIANO
804|804|TERRITORIO ANTARTICO BRITANNICO||C|0|1|TERRITORIO ANTARTICO BRITANNICO
805|805|TERRITORIO ANTARTICO CILENO||C|0|1|TERRITORIO ANTARTICO CILENO
806|806|TERRITORI AUSTRALI ED ANTARTICI FRANCESI||C|0|1|TERRITORI AUSTRALI ED ANTARTICI FRANCESI
807|807|ISOLA DI BOUVET||C|0|1|ISOLA DI BOUVET
808|808|GEORGIA DEL SUD E SANDWICH AUSTRALI||C|0|1|GEORGIA DEL SUD E SANDWICH AUSTRALI
809|809|TERRITORIO ISOLE HEARD E MAC DONALD||C|0|1|TERRITORIO ISOLE HEARD E MAC DONALD
810|810|ISOLA DI PIETRO I||C|0|1|ISOLA DI PIETRO I
811|811|ISOLE PRICIPE EDOARDO||C|0|1|ISOLE PRICIPE EDOARDO
812|812|TERRA DELLA REGINA MAUD||C|0|1|TERRA DELLA REGINA MAUD
813|813|DIPENDENZA DI ROSS||C|0|1|DIPENDENZA DI ROSS
999|999|TERRITORIO NON DEFINITO||C|0|1|TERRITORIO NON DEFINITO
