#CODESYSTEMID=2.16.840.1.113883.6.8|CODESYSTEMNAME=UCUM|CODESYSTEMDISPLAYNAME=UCUM|VERSION=1|DESCRIPTION=The Unified Code for Units of Measure|LANGUAGE=en|AUTHORITYNAME=Regenstrief Institute, Inc. and The UCUM  Organization|AUTHORITYDESCRIPTION=The Organization|AUTHORITYCONTACTINFORMATION=http://unitsofmeasure.org/|VALIDFROM=08/07/2010 10:38
ID SUFFIX|CODE|NAME|DESCRIPTION|ELEMENT TYPE|SEQUENCE NUMBER|STATUS|DIM|VALUE.UNIT [CASE INSENSITIVE]|VALUE.UNIT [CASE SENSITIVE]|VALUE.VALUE|CODE EQUIVALENT [T]|CODE EQUIVALENT [S]|VALID FROM|VALID TO
1_V1|-|Prefix|Prefix|T|0|1|||||||08/07/2010 10:38|
1.10_V1|DA|da|deka|C|0|1||||1e1|||08/07/2010 10:38|
1.11_V1|D|d|deci|C|0|1||||1e-1|||08/07/2010 10:38|
1.12_V1|C|c|centi|C|0|1||||1e-2|||08/07/2010 10:38|
1.13_V1|M|m|milli|C|0|1||||1e-3|||08/07/2010 10:38|
1.14_V1|U|u|micro|C|0|1||||1e-6|||08/07/2010 10:38|
1.15_V1|N|n|nano|C|0|1||||1e-9|||08/07/2010 10:38|
1.16_V1|P|p|pico|C|0|1||||1e-12|||08/07/2010 10:38|
1.17_V1|F|f|femto|C|0|1||||1e-15|||08/07/2010 10:38|
1.18_V1|A|a|atto|C|0|1||||1e-18|||08/07/2010 10:38|
1.19_V1|ZO|z|zepto|C|0|1||||1e-21|||08/07/2010 10:38|
1.1_V1|YA|Y|yotta|C|0|1||||1e24|||08/07/2010 10:38|
1.20_V1|YO|y|yocto|C|0|1||||1e-24|||08/07/2010 10:38|
1.21_V1|KIB|Ki|kibi|C|0|1||||1024|||08/07/2010 10:38|
1.22_V1|MIB|Mi|mebi|C|0|1||||1048576|||08/07/2010 10:38|
1.23_V1|GIB|Gi|gibi|C|0|1||||1073741824|||08/07/2010 10:38|
1.24_V1|TIB|Ti|tebi|C|0|1||||1099511627776|||08/07/2010 10:38|
1.2_V1|ZA|Z|zetta|C|0|1||||1e21|||08/07/2010 10:38|
1.3_V1|EX|E|exa|C|0|1||||1e18|||08/07/2010 10:38|
1.4_V1|PT|P|peta|C|0|1||||1e15|||08/07/2010 10:38|
1.5_V1|TR|T|tera|C|0|1||||1e12|||08/07/2010 10:38|
1.6_V1|GA|G|giga|C|0|1||||1e9|||08/07/2010 10:38|
1.7_V1|MA|M|mega|C|0|1||||1e6|||08/07/2010 10:38|
1.8_V1|K|k|kilo|C|0|1||||1e3|||08/07/2010 10:38|
1.9_V1|H|h|hecto|C|0|1||||1e2|||08/07/2010 10:38|
25_V1|-|UnitsOfMeasure|UnitsOfMeasure|T|0|1|||||||08/07/2010 10:38|
25.103_V1|-|dynamic viscosity|dynamic viscosity|A|0|1|||||||08/07/2010 10:38|
25.103.103_V1|P|P|Poise|C|0|1||DYN.S/CM2|dyn.s/cm2|1|||08/07/2010 10:38|
25.105_V1|-|kinematic viscosity|kinematic viscosity|A|0|1|||||||08/07/2010 10:38|
25.105.105_V1|ST|St|Stokes|C|0|1||CM2/S|cm2/s|1|||08/07/2010 10:38|
25.106_V1|-|flux of magnetic induction|flux of magnetic induction|A|0|1|||||||08/07/2010 10:38|
25.106.106_V1|MX|Mx|Maxwell|C|0|1||WB|Wb|1e-8|||08/07/2010 10:38|
25.108_V1|-|magnetic field intensity|magnetic field intensity|A|0|1|||||||08/07/2010 10:38|
25.108.108_V1|OE|Oe|Oersted|C|0|1||/[PI].A/M|/[pi].A/m|250|||08/07/2010 10:38|
25.109_V1|-|magnetic tension|magnetic tension|A|0|1|||||||08/07/2010 10:38|
25.109.109_V1|GB|Gb|Gilbert|C|0|1||OE.CM|Oe.cm|1|||08/07/2010 10:38|
25.110_V1|-|lum. intensity density|lum. intensity density|A|0|1|||||||08/07/2010 10:38|
25.110.110_V1|SB|sb|stilb|C|0|1||CD/CM2|cd/cm2|1|||08/07/2010 10:38|
25.111_V1|-|brightness|brightness|A|0|1|||||||08/07/2010 10:38|
25.111.111_V1|LMB|Lmb|Lambert|C|0|1||CD/CM2/[PI]|cd/cm2/[pi]|1|||08/07/2010 10:38|
25.114_V1|-|ion dose|ion dose|A|0|1|||||||08/07/2010 10:38|
25.114.114_V1|ROE|R|Roentgen|C|0|1||C/KG|C/kg|2.58e-4|||08/07/2010 10:38|
25.121_V1|-|depth of water|depth of water|A|0|1|||||||08/07/2010 10:38|
25.121.121_V1|[FTH_I]|[fth_i]|fathom|C|0|1||[FT_I]|[ft_i]|6|||08/07/2010 10:38|
25.134_V1|-|height of horses|height of horses|A|0|1|||||||08/07/2010 10:38|
25.134.134_V1|[HD_I]|[hd_i]|hand|C|0|1||[IN_I]|[in_i]|4|||08/07/2010 10:38|
25.164_V1|-|fluid volume|fluid volume|A|0|1|||||||08/07/2010 10:38|
25.164.164_V1|[GAL_US]|[gal_us]|QueenÃ?Â Anne's wine gallon|C|0|1||[IN_I]3|[in_i]3|231|||08/07/2010 10:38|
25.164.165_V1|[BBL_US]|[bbl_us]|barrel|C|0|1||[GAL_US]|[gal_us]|42|||08/07/2010 10:38|
25.164.166_V1|[QT_US]|[qt_us]|quart|C|0|1||[GAL_US]/4|[gal_us]/4|1|||08/07/2010 10:38|
25.164.167_V1|[PT_US]|[pt_us]|pint|C|0|1||[QT_US]/2|[qt_us]/2|1|||08/07/2010 10:38|
25.164.168_V1|[GIL_US]|[gil_us]|gill|C|0|1||[PT_US]/4|[pt_us]/4|1|||08/07/2010 10:38|
25.164.169_V1|[FOZ_US]|[foz_us]|fluid ounce|C|0|1||[GIL_US]/4|[gil_us]/4|1|||08/07/2010 10:38|
25.164.170_V1|[FDR_US]|[fdr_us]|fluid dram|C|0|1||[FOZ_US]/8|[foz_us]/8|1|||08/07/2010 10:38|
25.164.171_V1|[MIN_US]|[min_us]|minim|C|0|1||[FDR_US]/60|[fdr_us]/60|1|||08/07/2010 10:38|
25.164.172_V1|[CRD_US]|[crd_us]|cord|C|0|1||[FT_I]3|[ft_i]3|128|||08/07/2010 10:38|
25.173_V1|-|dry volume|dry volume|A|0|1|||||||08/07/2010 10:38|
25.173.173_V1|[BU_US]|[bu_us]|bushel|C|0|1||[IN_I]3|[in_i]3|2150.42|||08/07/2010 10:38|
25.173.174_V1|[GAL_WI]|[gal_wi]|historical winchester gallon|C|0|1||[BU_US]/8|[bu_us]/8|1|||08/07/2010 10:38|
25.173.175_V1|[PK_US]|[pk_us]|peck|C|0|1||[BU_US]/4|[bu_us]/4|1|||08/07/2010 10:38|
25.173.176_V1|[DQT_US]|[dqt_us]|dry quart|C|0|1||[PK_US]/8|[pk_us]/8|1|||08/07/2010 10:38|
25.173.177_V1|[DPT_US]|[dpt_us]|dry pint|C|0|1||[DQT_US]/2|[dqt_us]/2|1|||08/07/2010 10:38|
25.236_V1|-|fluid resistance|fluid resistance|A|0|1|||||||08/07/2010 10:38|
25.236.236_V1|[PRU]|[PRU]|peripheral vascular resistance unit|C|0|1||MM[HG].S/ML|mm[Hg].s/ml|1|||08/07/2010 10:38|
25.236.237_V1|[WOOD'U]|[wood'U]|Wood unit|C|0|1||MM[HG].MIN/L|mm[Hg].min/L|1|||08/07/2010 10:38|
25.238_V1|-|refraction of a lens|refraction of a lens|A|0|1|||||||08/07/2010 10:38|
25.238.238_V1|[DIOP]|[diop]|diopter|C|0|1||/M|/m|1|||08/07/2010 10:38|
25.239_V1|-|refraction of a prism|refraction of a prism|A|0|1|||||||08/07/2010 10:38|
25.239.239_V1|[P'DIOP]|[p'diop]|prism diopter|C|0|1||100TAN(1 RAD)|100tan(1 rad)||||08/07/2010 10:38|
25.240_V1|-|slope|slope|A|0|1|||||||08/07/2010 10:38|
25.240.240_V1|%[SLOPE]|%[slope]|percent of slope|C|0|1||100TAN(1 RAD)|100tan(1 rad)||||08/07/2010 10:38|
25.242_V1|-|gauge of catheters|gauge of catheters|A|0|1|||||||08/07/2010 10:38|
25.242.242_V1|[CH]|[Ch]|Charrière - french|C|0|1||MM/[PI]|mm/[pi]|1|||08/07/2010 10:38|
25.244_V1|-|x-ray attenuation|x-ray attenuation|A|0|1|||||||08/07/2010 10:38|
25.244.244_V1|[HNSF'U]|[hnsf'U]|Hounsfield unit|C|0|1||1|1|1|||08/07/2010 10:38|
25.245_V1|-|metabolic cost of physical activity|metabolic cost of physical activity|A|0|1|||||||08/07/2010 10:38|
25.245.245_V1|[MET]|[MET]|metabolic equivalent|C|0|1||ML/MIN/KG|mL/min/kg|3.5|||08/07/2010 10:38|
25.246_V1|-|homeopathic potency|homeopathic potency|A|0|1|||||||08/07/2010 10:38|
25.246.246_V1|[HP_X]|[hp_X]|homeopathic potency of decimal series|C|0|1||HPX(1 1)|hpX(1 1)||||08/07/2010 10:38|
25.246.247_V1|[HP_C]|[hp_C]|homeopathic potency of centesimal series|C|0|1||hpc(1 1)|hpC(1 1)||||08/07/2010 10:38|
25.249_V1|-|amount of substance (dissolved particles)|amount of substance (dissolved particles)|A|0|1|||||||08/07/2010 10:38|
25.249.249_V1|OSM|osm|osmole|C|0|1||MOL|mol|1|||08/07/2010 10:38|
25.250_V1|-|acidity|acidity|A|0|1|||||||08/07/2010 10:38|
25.250.250_V1|[PH]|[pH]|pH|C|0|1||PH(1 MOL/L)|pH(1 mol/l)||||08/07/2010 10:38|
25.251_V1|-|mass concentration|mass concentration|A|0|1|||||||08/07/2010 10:38|
25.251.251_V1|G%|g%|gram percent|C|0|1||G/DL|g/dl|1|||08/07/2010 10:38|
25.252_V1|-|sedimentation coefficient|sedimentation coefficient|A|0|1|||||||08/07/2010 10:38|
25.252.252_V1|[S]|[S]|Svedberg unit|C|0|1||10*-13.S|10*-13.s|1|||08/07/2010 10:38|
25.253_V1|-|view area in microscope|view area in microscope|A|0|1|||||||08/07/2010 10:38|
25.253.253_V1|[HPF]|[HPF]|high power field|C|0|1||1|1|1|||08/07/2010 10:38|
25.253.254_V1|[LPF]|[LPF]|low power field|C|0|1||1|1|100|||08/07/2010 10:38|
25.255_V1|-|catalytic activity|catalytic activity|A|0|1|||||||08/07/2010 10:38|
25.255.255_V1|KAT|kat|katal|C|0|1||MOL/S|mol/s|1|||08/07/2010 10:38|
25.255.256_V1|U|U|Unit|C|0|1||UMOL/MIN|umol/min|1|||08/07/2010 10:38|
25.257_V1|-|arbitrary|arbitrary|A|0|1|||||||08/07/2010 10:38|
25.257.257_V1|[IU]|[IU]|international unit|C|0|1||1|1|1|||08/07/2010 10:38|
25.257.259_V1|[ARB'U]|[arb'U]|arbitary unit|C|0|1||1|1|1|||08/07/2010 10:38|
25.257.260_V1|[USP'U]|[USP'U]|United States Pharmacopeia unit|C|0|1||1|1|1|||08/07/2010 10:38|
25.25_V1|-|length|length|A|0|1|||||||08/07/2010 10:38|
25.25.117_V1|[IN_I]|[in_i]|inch|C|0|1||CM|cm|254e-2|||08/07/2010 10:38|
25.25.118_V1|[FT_I]|[ft_i]|foot|C|0|1||[IN_I]|[in_i]|12|||08/07/2010 10:38|
25.25.119_V1|[YD_I]|[yd_i]|yard|C|0|1||[FT_I]|[ft_i]|3|||08/07/2010 10:38|
25.25.120_V1|[MI_I]|[mi_i]|statute mile|C|0|1||[FT_I]|[ft_i]|5280|||08/07/2010 10:38|
25.25.122_V1|[NMI_I]|[nmi_i]|nautical mile|C|0|1||M|m|1852|||08/07/2010 10:38|
25.25.132_V1|[MIL_I]|[mil_i]|mil|C|0|1||[IN_I]|[in_i]|1e-3|||08/07/2010 10:38|
25.25.135_V1|[FT_US]|[ft_us]|foot|C|0|1||M/3937|m/3937|1200|||08/07/2010 10:38|
25.25.136_V1|[YD_US]|[yd_us]|yard|C|0|1||[FT_US]|[ft_us]|3|||08/07/2010 10:38|
25.25.137_V1|[IN_US]|[in_us]|inch|C|0|1||[FT_US]/12|[ft_us]/12|1|||08/07/2010 10:38|
25.25.138_V1|[RD_US]|[rd_us]|rod|C|0|1||[FT_US]|[ft_us]|16.5|||08/07/2010 10:38|
25.25.139_V1|[CH_US]|[ch_us]|Gunter's chain - Surveyor's chain|C|0|1||[RD_US]|[rd_us]|4|||08/07/2010 10:38|
25.25.140_V1|[LK_US]|[lk_us]|link for Gunter's chain|C|0|1||[CH_US]/100|[ch_us]/100|1|||08/07/2010 10:38|
25.25.141_V1|[RCH_US]|[rch_us]|Ramden's chain - Engineer's chain|C|0|1||[FT_US]|[ft_us]|100|||08/07/2010 10:38|
25.25.142_V1|[RLK_US]|[rlk_us]|link for Ramden's chain|C|0|1||[RCH_US]/100|[rch_us]/100|1|||08/07/2010 10:38|
25.25.143_V1|[FTH_US]|[fth_us]|fathom|C|0|1||[FT_US]|[ft_us]|6|||08/07/2010 10:38|
25.25.144_V1|[FUR_US]|[fur_us]|furlong|C|0|1||[RD_US]|[rd_us]|40|||08/07/2010 10:38|
25.25.145_V1|[MI_US]|[mi_us]|mile|C|0|1||[FUR_US]|[fur_us]|8|||08/07/2010 10:38|
25.25.151_V1|[MIL_US]|[mil_us]|mil|C|0|1||[IN_US]|[in_us]|1e-3|||08/07/2010 10:38|
25.25.152_V1|[IN_BR]|[in_br]|inch|C|0|1||CM|cm|2.539998|||08/07/2010 10:38|
25.25.153_V1|[FT_BR]|[ft_br]|foot|C|0|1||[IN_BR]|[in_br]|12|||08/07/2010 10:38|
25.25.154_V1|[RD_BR]|[rd_br]|rod|C|0|1||[FT_BR]|[ft_br]|16.5|||08/07/2010 10:38|
25.25.155_V1|[CH_BR]|[ch_br]|Gunter's chain|C|0|1||[RD_BR]|[rd_br]|4|||08/07/2010 10:38|
25.25.156_V1|[LK_BR]|[lk_br]|link for Gunter's chain|C|0|1||[CH_BR]/100|[ch_br]/100|1|||08/07/2010 10:38|
25.25.157_V1|[FTH_BR]|[fth_br]|fathom|C|0|1||[FT_BR]|[ft_br]|6|||08/07/2010 10:38|
25.25.158_V1|[PC_BR]|[pc_br]|pace|C|0|1||[FT_BR]|[ft_br]|2.5|||08/07/2010 10:38|
25.25.159_V1|[YD_BR]|[yd_br]|yard|C|0|1||[FT_BR]|[ft_br]|3|||08/07/2010 10:38|
25.25.160_V1|[MI_BR]|[mi_br]|mile|C|0|1||[FT_BR]|[ft_br]|5280|||08/07/2010 10:38|
25.25.161_V1|[NMI_BR]|[nmi_br]|nautical mile|C|0|1||[FT_BR]|[ft_br]|6080|||08/07/2010 10:38|
25.25.206_V1|[LNE]|[lne]|line|C|0|1||[IN_I]/12|[in_i]/12|1|||08/07/2010 10:38|
25.25.207_V1|[PNT]|[pnt]|point|C|0|1||[LNE]/6|[lne]/6|1|||08/07/2010 10:38|
25.25.208_V1|[PCA]|[pca]|pica|C|0|1||[PNT]|[pnt]|12|||08/07/2010 10:38|
25.25.209_V1|[PNT_PR]|[pnt_pr]|Printer's point|C|0|1||[IN_I]|[in_i]|0.013837|||08/07/2010 10:38|
25.25.210_V1|[PCA_PR]|[pca_pr]|Printer's pica|C|0|1||[PNT_PR]|[pnt_pr]|12|||08/07/2010 10:38|
25.25.211_V1|[PIED]|[pied]|pied - French foot|C|0|1||CM|cm|32.48|||08/07/2010 10:38|
25.25.212_V1|[POUCE]|[pouce]|pouce - French inch|C|0|1||[PIED]/12|[pied]/12|1|||08/07/2010 10:38|
25.25.213_V1|[LIGNE]|[ligne]|ligne - French line|C|0|1||[POUCE]/12|[pouce]/12|1|||08/07/2010 10:38|
25.25.214_V1|[DIDOT]|[didot]|didot - Didot's point|C|0|1||[LIGNE]/6|[ligne]/6|1|||08/07/2010 10:38|
25.25.215_V1|[CICERO]|[cicero]|cicero - Didot's pica|C|0|1||[DIDOT]|[didot]|12|||08/07/2010 10:38|
25.25.25_V1|M|m|meter|C|0|1|L||||||08/07/2010 10:38|
25.25.292_V1|AO|Ao|Ã?â?¦ngstrÃ?Â¶m|C|0|1||NM|nm|0.1|||08/07/2010 10:38|
25.25.301_V1|[SMOOT]|[smoot]|Smoot|C|0|1||[IN_I]|[in_i]|67|||08/07/2010 10:38|
25.25.83_V1|ASU|AU|astronomic unit|C|0|1||MAM|Mm|149597.870|||08/07/2010 10:38|
25.25.84_V1|PRS|pc|parsec|C|0|1||M|m|3.085678e16|||08/07/2010 10:38|
25.25.96_V1|[LY]|[ly]|light-year|C|0|1||[C].ANN_J|[c].a_j|1|||08/07/2010 10:38|
25.261_V1|-|biologic activity of anticardiolipin IgG|biologic activity of anticardiolipin IgG|A|0|1|||||||08/07/2010 10:38|
25.261.261_V1|[GPL'U]|[GPL'U]|GPL unit|C|0|1||1|1|1|||08/07/2010 10:38|
25.262_V1|-|biologic activity of anticardiolipin IgM|biologic activity of anticardiolipin IgM|A|0|1|||||||08/07/2010 10:38|
25.262.262_V1|[MPL'U]|[MPL'U]|MPL unit|C|0|1||1|1|1|||08/07/2010 10:38|
25.263_V1|-|biologic activity of anticardiolipin IgA|biologic activity of anticardiolipin IgA|A|0|1|||||||08/07/2010 10:38|
25.263.263_V1|[APL'U]|[APL'U]|APL unit|C|0|1||1|1|1|||08/07/2010 10:38|
25.264_V1|-|biologic activity of factor VIII inhibitor|biologic activity of factor VIII inhibitor|A|0|1|||||||08/07/2010 10:38|
25.264.264_V1|[BETH'U]|[beth'U]|Bethesda unit|C|0|1||1|1|1|||08/07/2010 10:38|
25.265_V1|-|biologic activity antistreptolysin O|biologic activity antistreptolysin O|A|0|1|||||||08/07/2010 10:38|
25.265.265_V1|[TODD'U]|[todd'U]|Todd unit|C|0|1||1|1|1|||08/07/2010 10:38|
25.266_V1|-|biologic activity of amylase|biologic activity of amylase|A|0|1|||||||08/07/2010 10:38|
25.266.266_V1|[DYE'U]|[dye'U]|Dye unit|C|0|1||1|1|1|||08/07/2010 10:38|
25.266.267_V1|[SMGY'U]|[smgy'U]|Somogyi unit|C|0|1||1|1|1|||08/07/2010 10:38|
25.268_V1|-|biologic activity of phosphatase|biologic activity of phosphatase|A|0|1|||||||08/07/2010 10:38|
25.268.268_V1|[BDSK'U]|[bdsk'U]|Bodansky unit|C|0|1||1|1|1|||08/07/2010 10:38|
25.268.269_V1|[KA'U]|[ka'U]|King-Armstrong unit|C|0|1||1|1|1|||08/07/2010 10:38|
25.26_V1|-|time|time|A|0|1|||||||08/07/2010 10:38|
25.26.26_V1|S|s|second|C|0|1|T||||||08/07/2010 10:38|
25.26.67_V1|MIN|min|minute|C|0|1||S|s|60|||08/07/2010 10:38|
25.26.68_V1|HR|h|hour|C|0|1||MIN|min|60|||08/07/2010 10:38|
25.26.69_V1|D|d|day|C|0|1||HR|h|24|||08/07/2010 10:38|
25.26.70_V1|ANN_T|a_t|tropical year|C|0|1||D|d|365.24219|||08/07/2010 10:38|
25.26.71_V1|ANN_J|a_j|mean Julian year|C|0|1||D|d|365.25|||08/07/2010 10:38|
25.26.72_V1|ANN_G|a_g|mean Gregorian year|C|0|1||D|d|365.2425|||08/07/2010 10:38|
25.26.73_V1|ANN|a|year|C|0|1||ANN_J|a_j|1|||08/07/2010 10:38|
25.26.74_V1|WK|wk|week|C|0|1||D|d|7|||08/07/2010 10:38|
25.26.75_V1|MO_S|mo_s|synodal month|C|0|1||D|d|29.53059|||08/07/2010 10:38|
25.26.76_V1|MO_J|mo_j|mean Julian month|C|0|1||ANN_J/12|a_j/12|1|||08/07/2010 10:38|
25.26.77_V1|MO_G|mo_g|mean Gregorian month|C|0|1||ANN_G/12|a_g/12|1|||08/07/2010 10:38|
25.26.78_V1|MO|mo|month|C|0|1||MO_J|mo_j|1|||08/07/2010 10:38|
25.270_V1|-|arbitrary biologic activity|arbitrary biologic activity|A|0|1|||||||08/07/2010 10:38|
25.270.270_V1|[KNK'U]|[knk'U]|Kunkel unit|C|0|1||1|1|1|||08/07/2010 10:38|
25.270.271_V1|[MCLG'U]|[mclg'U]|Mac Lagan unit|C|0|1||1|1|1|||08/07/2010 10:38|
25.272_V1|-|biologic activity of tuberculin|biologic activity of tuberculin|A|0|1|||||||08/07/2010 10:38|
25.272.272_V1|[TB'U]|[tb'U]|tuberculin unit|C|0|1||1|1|1|||08/07/2010 10:38|
25.273_V1|-|biologic activity (infectivity) of an infectious agent preparation|biologic activity (infectivity) of an infectious agent preparation|A|0|1|||||||08/07/2010 10:38|
25.273.273_V1|[CCID_50]|[CCID_50]|50% cell culture infectious dose|C|0|1||1|1|1|||08/07/2010 10:38|
25.273.274_V1|[TCID_50]|[TCID_50]|50% tissue culture infectious dose|C|0|1||1|1|1|||08/07/2010 10:38|
25.275_V1|-|amount of an infectious agent|amount of an infectious agent|A|0|1|||||||08/07/2010 10:38|
25.275.275_V1|[PFU]|[PFU]|plaque forming units|C|0|1||1|1|1|||08/07/2010 10:38|
25.275.276_V1|[FFU]|[FFU]|focus forming units|C|0|1||1|1|1|||08/07/2010 10:38|
25.277_V1|-|amount of a proliferating organism|amount of a proliferating organism|A|0|1|||||||08/07/2010 10:38|
25.277.277_V1|[CFU]|[CFU]|colony forming units|C|0|1||1|1|1|||08/07/2010 10:38|
25.278_V1|-|amount of an allergen callibrated through in-vivo testing based on the ID50EAL method of intradermal dilution for 50mm sum of erythema diameters|amount of an allergen callibrated through in-vivo testing based on the ID50EAL method of intradermal dilution for 50mm sum of erythema diameters|A|0|1|||||||08/07/2010 10:38|
25.278.278_V1|[BAU]|[BAU]|bioequivalent allergen unit|C|0|1||1|1|1|||08/07/2010 10:38|
25.279_V1|-|procedure defined amount of an allergen using some reference standard|procedure defined amount of an allergen using some reference standard|A|0|1|||||||08/07/2010 10:38|
25.279.279_V1|[AU]|[AU]|allergen unit|C|0|1||1|1|1|||08/07/2010 10:38|
25.27_V1|-|mass|mass|A|0|1|||||||08/07/2010 10:38|
25.27.190_V1|[GR]|[gr]|grain|C|0|1||MG|mg|64.79891|||08/07/2010 10:38|
25.27.191_V1|[LB_AV]|[lb_av]|pound|C|0|1||[GR]|[gr]|7000|||08/07/2010 10:38|
25.27.192_V1|[OZ_AV]|[oz_av]|ounce|C|0|1||[LB_AV]/16|[lb_av]/16|1|||08/07/2010 10:38|
25.27.193_V1|[DR_AV]|[dr_av]|dram|C|0|1||[OZ_AV]/16|[oz_av]/16|1|||08/07/2010 10:38|
25.27.194_V1|[SCWT_AV]|[scwt_av]|short hundredweight - U.S. hundredweight|C|0|1||[LB_AV]|[lb_av]|100|||08/07/2010 10:38|
25.27.195_V1|[LCWT_AV]|[lcwt_av]|long hunderdweight - British hundredweight|C|0|1||[LB_AV]|[lb_av]|112|||08/07/2010 10:38|
25.27.196_V1|[STON_AV]|[ston_av]|short ton - U.S. ton|C|0|1||[SCWT_AV]|[scwt_av]|20|||08/07/2010 10:38|
25.27.197_V1|[LTON_AV]|[lton_av]|long ton - British ton|C|0|1||[LCWT_AV]|[lcwt_av]|20|||08/07/2010 10:38|
25.27.198_V1|[STONE_AV]|[stone_av]|stone - British stone|C|0|1||[LB_AV]|[lb_av]|14|||08/07/2010 10:38|
25.27.199_V1|[PWT_TR]|[pwt_tr]|pennyweight|C|0|1||[GR]|[gr]|24|||08/07/2010 10:38|
25.27.200_V1|[OZ_TR]|[oz_tr]|ounce|C|0|1||[PWT_TR]|[pwt_tr]|20|||08/07/2010 10:38|
25.27.201_V1|[LB_TR]|[lb_tr]|pound|C|0|1||[OZ_TR]|[oz_tr]|12|||08/07/2010 10:38|
25.27.202_V1|[SC_AP]|[sc_ap]|scruple|C|0|1||[GR]|[gr]|20|||08/07/2010 10:38|
25.27.203_V1|[DR_AP]|[dr_ap]|dram - drachm|C|0|1||[SC_AP]|[sc_ap]|3|||08/07/2010 10:38|
25.27.204_V1|[OZ_AP]|[oz_ap]|ounce|C|0|1||[DR_AP]|[dr_ap]|8|||08/07/2010 10:38|
25.27.205_V1|[LB_AP]|[lb_ap]|pound|C|0|1||[OZ_AP]|[oz_ap]|12|||08/07/2010 10:38|
25.27.27_V1|G|g|gram|C|0|1|M||||||08/07/2010 10:38|
25.27.299_V1|[CAR_M]|[car_m]|metric carat|C|0|1||G|g|0.2|||08/07/2010 10:38|
25.27.79_V1|TNE|t|tonne|C|0|1||KG|kg|1e3|||08/07/2010 10:38|
25.27.81_V1|AMU|u|unified atomic mass unit|C|0|1||G|g|1.6605402e-24|||08/07/2010 10:38|
25.27.91_V1|[M_E]|[m_e]|electron mass|C|0|1||g|g|9.1093897e-28|||08/07/2010 10:38|
25.27.92_V1|[M_P]|[m_p]|proton mass|C|0|1||g|g|1.6726231e-24|||08/07/2010 10:38|
25.280_V1|-|procedure defined amount of the major allergen of ragweed.|procedure defined amount of the major allergen of ragweed.|A|0|1|||||||08/07/2010 10:38|
25.280.280_V1|[AMB'A'1'U]|[Amb'a'1'U]|allergen unit for Ambrosia artemisiifolia|C|0|1||1|1|1|||08/07/2010 10:38|
25.281_V1|-|procedure defined amount of a protein substance|procedure defined amount of a protein substance|A|0|1|||||||08/07/2010 10:38|
25.281.281_V1|[PNU]|[PNU]|protein nitrogen unit|C|0|1||1|1|1|||08/07/2010 10:38|
25.282_V1|-|level|level|A|0|1|||||||08/07/2010 10:38|
25.282.282_V1|NEP|Np|neper|C|0|1||LN(1 1)|ln(1 1)||||08/07/2010 10:38|
25.282.283_V1|B|B|bel|C|0|1||LG(1 1)|lg(1 1)||||08/07/2010 10:38|
25.284_V1|-|pressure level|pressure level|A|0|1|||||||08/07/2010 10:38|
25.284.284_V1|B[SPL]|B[SPL]|bel sound pressure|C|0|1||2LG(2 10*-5.PAL)|2lg(2 10*-5.Pa)||||08/07/2010 10:38|
25.285_V1|-|electric potential level|electric potential level|A|0|1|||||||08/07/2010 10:38|
25.285.285_V1|B[V]|B[V]|bel volt|C|0|1||2LG(1 V)|2lg(1 V)||||08/07/2010 10:38|
25.285.286_V1|B[MV]|B[mV]|bel millivolt|C|0|1||2LG(1 MV)|2lg(1 mV)||||08/07/2010 10:38|
25.285.287_V1|B[UV]|B[uV]|bel microvolt|C|0|1||2LG(1 UV)|2lg(1 uV)||||08/07/2010 10:38|
25.285.288_V1|B[10.NV]|B[10.nV]|bel 10 nanovolt|C|0|1||2LG(10 NV)|2lg(10 nV)||||08/07/2010 10:38|
25.289_V1|-|power level|power level|A|0|1|||||||08/07/2010 10:38|
25.289.289_V1|B[W]|B[W]|bel watt|C|0|1||LG(1 W)|lg(1 W)||||08/07/2010 10:38|
25.289.290_V1|B[KW]|B[kW]|bel kilowatt|C|0|1||LG(1 KW)|lg(1 kW)||||08/07/2010 10:38|
25.28_V1|-|plane angle|plane angle|A|0|1|||||||08/07/2010 10:38|
25.28.28_V1|RAD|rad|radian|C|0|1|A||||||08/07/2010 10:38|
25.28.297_V1|CIRC|circ|circle|C|0|1||[PI].RAD|[pi].rad|2|||08/07/2010 10:38|
25.28.61_V1|GON|gon|gon - grade|C|0|1||DEG|deg|0.9|||08/07/2010 10:38|
25.28.62_V1|DEG|deg|degree|C|0|1||[PI].RAD/360|[pi].rad/360|2|||08/07/2010 10:38|
25.28.63_V1|'|'|minute|C|0|1||DEG/60|deg/60|1|||08/07/2010 10:38|
25.28.64_V1|''|''|second|C|0|1||'/60|'/60|1|||08/07/2010 10:38|
25.293_V1|-|action area|action area|A|0|1|||||||08/07/2010 10:38|
25.293.293_V1|BRN|b|barn|C|0|1||FM2|fm2|100|||08/07/2010 10:38|
25.29_V1|-|temperature|temperature|A|0|1|||||||08/07/2010 10:38|
25.29.216_V1|[DEGF]|[degF]|degree Fahrenheit|C|0|1||DEGF(5 K/9)|degf(5 K/9)||||08/07/2010 10:38|
25.29.29_V1|K|K|Kelvin|C|0|1|C||||||08/07/2010 10:38|
25.29.53_V1|CEL|Cel|degree Celsius|C|0|1||CEL(1 K)|cel(1 K)||||08/07/2010 10:38|
25.300_V1|-|mass fraction|mass fraction|A|0|1|||||||08/07/2010 10:38|
25.300.300_V1|[CAR_AU]|[car_Au]|carat of gold alloys|C|0|1||/24|/24|1|||08/07/2010 10:38|
25.302_V1|-|amount of information|amount of information|A|0|1|||||||08/07/2010 10:38|
25.302.302_V1|BIT_S|bit_s|bit|C|0|1||ld(1 1)|ld(1 1)||||08/07/2010 10:38|
25.302.303_V1|BIT|bit|bit|C|0|1||1|1|1|||08/07/2010 10:38|
25.302.304_V1|BY|By|byte|C|0|1||bit|bit|8|||08/07/2010 10:38|
25.305_V1|-|signal transmission rate|signal transmission rate|A|0|1|||||||08/07/2010 10:38|
25.305.305_V1|Bd|Bd|baud|C|0|1||/s|/s|1|||08/07/2010 10:38|
25.30_V1|-|electric charge|electric charge|A|0|1|||||||08/07/2010 10:38|
25.30.30_V1|C|C|Coulomb|C|0|1|Q||||||08/07/2010 10:38|
25.30.90_V1|[E]|[e]|elementary charge|C|0|1||C|C|1.60217733e-19|||08/07/2010 10:38|
25.31_V1|-|luminous intensity|luminous intensity|A|0|1|||||||08/07/2010 10:38|
25.31.31_V1|CD|cd|candela|C|0|1|F||||||08/07/2010 10:38|
25.32_V1|-|number|number|A|0|1|||||||08/07/2010 10:38|
25.32.32_V1|10*|10*|the number ten for arbitrary powers|C|0|1||1|1|10|||08/07/2010 10:38|
25.32.33_V1|10^|10^|the number ten for arbitrary powers|C|0|1||1|1|10|||08/07/2010 10:38|
25.32.34_V1|[PI]|[pi]|the number pi|C|0|1||1|1|3.1415926535897932384626433832795028841971693993751058209749445923|||08/07/2010 10:38|
25.35_V1|-|fraction|fraction|A|0|1|||||||08/07/2010 10:38|
25.35.35_V1|%|%|percent|C|0|1||10*-2|10*-2|1|||08/07/2010 10:38|
25.35.36_V1|[PPTH]|[ppth]|parts per thousand|C|0|1||10*-3|10*-3|1|||08/07/2010 10:38|
25.35.37_V1|[PPM]|[ppm]|parts per million|C|0|1||10*-6|10*-6|1|||08/07/2010 10:38|
25.35.38_V1|[PPB]|[ppb]|parts per billion|C|0|1||10*-9|10*-9|1|||08/07/2010 10:38|
25.35.39_V1|[PPTR]|[pptr]|parts per trillion|C|0|1||10*-12|10*-12|1|||08/07/2010 10:38|
25.40_V1|-|amount of substance|amount of substance|A|0|1|||||||08/07/2010 10:38|
25.40.248_V1|EQ|eq|equivalents|C|0|1||MOL|mol|1|||08/07/2010 10:38|
25.40.40_V1|MOL|mol|mole|C|0|1||10*23|10*23|6.0221367|||08/07/2010 10:38|
25.41_V1|-|solid angle|solid angle|A|0|1|||||||08/07/2010 10:38|
25.41.298_V1|SPH|sph|spere|C|0|1||[PI].SR|[pi].sr|4|||08/07/2010 10:38|
25.41.41_V1|SR|sr|steradian|C|0|1||RAD2|rad2|1|||08/07/2010 10:38|
25.42_V1|-|frequency|frequency|A|0|1|||||||08/07/2010 10:38|
25.42.42_V1|HZ|Hz|Hertz|C|0|1||S-1|s-1|1|||08/07/2010 10:38|
25.43_V1|-|force|force|A|0|1|||||||08/07/2010 10:38|
25.43.101_V1|DYN|dyn|dyne|C|0|1||G.CM/S2|g.cm/s2|1|||08/07/2010 10:38|
25.43.43_V1|N|N|Newton|C|0|1||KG.M/S2|kg.m/s2|1|||08/07/2010 10:38|
25.43.97_V1|GF|gf|gram-force|C|0|1||G.[G]|g.[g]|1|||08/07/2010 10:38|
25.43.98_V1|[LBF_AV]|[lbf_av]|pound force|C|0|1||[LB_AV].[G]|[lb_av].[g]|1|||08/07/2010 10:38|
25.44_V1|-|pressure|pressure|A|0|1|||||||08/07/2010 10:38|
25.44.232_V1|M[H2O]|m[H2O]|meter of water column|C|0|1||KPAL|kPa|9.80665|||08/07/2010 10:38|
25.44.233_V1|M[HG]|m[Hg]|meter of mercury column|C|0|1||KPAL|kPa|133.3220|||08/07/2010 10:38|
25.44.234_V1|[IN_I'H2O]|[in_i'H2O]|inch of water column|C|0|1||M[H2O].[IN_I]/M|m[H2O].[in_i]/m|1|||08/07/2010 10:38|
25.44.235_V1|[IN_i'HG]|[in_i'Hg]|inch of mercury column|C|0|1||M[HG].[IN_I]/M|m[Hg].[in_i]/m|1|||08/07/2010 10:38|
25.44.294_V1|ATT|att|technical atmosphere|C|0|1||KGF/CM2|kgf/cm2|1|||08/07/2010 10:38|
25.44.296_V1|[PSI]|[psi]|pound per sqare inch|C|0|1||[LBF_AV]/[IN_I]2|[lbf_av]/[in_i]2|1|||08/07/2010 10:38|
25.44.44_V1|PAL|Pa|Pascal|C|0|1||N/M2|N/m2|1|||08/07/2010 10:38|
25.44.80_V1|BAR|bar|bar|C|0|1||PAL|Pa|1e5|||08/07/2010 10:38|
25.44.95_V1|ATM|atm|standard atmosphere|C|0|1||KPAL|Pa|101325|||08/07/2010 10:38|
25.45_V1|-|energy|energy|A|0|1|||||||08/07/2010 10:38|
25.45.102_V1|ERG|erg|erg|C|0|1||DYN.CM|dyn.cm|1|||08/07/2010 10:38|
25.45.217_V1|CAL_[15]|cal_[15]|calorie at 15Ã?Â Ã?Â°C|C|0|1||J|J|4.18580|||08/07/2010 10:38|
25.45.218_V1|CAL_[20]|cal_[20]|calorie at 20Ã?Â Ã?Â°C|C|0|1||J|J|4.18190|||08/07/2010 10:38|
25.45.219_V1|CAL_M|cal_m|mean calorie|C|0|1||J|J|4.19002|||08/07/2010 10:38|
25.45.220_V1|CAL_IT|cal_IT|international table calorie|C|0|1||J|J|4.1868|||08/07/2010 10:38|
25.45.221_V1|CAL_TH|cal_th|thermochemical calorie|C|0|1||J|J|4.184|||08/07/2010 10:38|
25.45.222_V1|CAL|cal|calorie|C|0|1||CAL_TH|cal_th|1|||08/07/2010 10:38|
25.45.223_V1|[CAL]|[Cal]|nutrition label Calories|C|0|1||KCAL_TH|kcal_th|1|||08/07/2010 10:38|
25.45.224_V1|[BTU_39]|[Btu_39]|British thermal unit at 39Ã?Â Ã?Â°F|C|0|1||kJ|kJ|1.05967|||08/07/2010 10:38|
25.45.225_V1|[BTU_59]|[Btu_59]|British thermal unit at 59Ã?Â Ã?Â°F|C|0|1||kJ|kJ|1.05480|||08/07/2010 10:38|
25.45.226_V1|[BTU_60]|[Btu_60]|British thermal unit at 60Ã?Â Ã?Â°F|C|0|1||kJ|kJ|1.05468|||08/07/2010 10:38|
25.45.227_V1|[BTU_M]|[Btu_m]|mean British thermal unit|C|0|1||kJ|kJ|1.05587|||08/07/2010 10:38|
25.45.228_V1|[BTU_IT]|[Btu_IT]|international table British thermal unit|C|0|1||kJ|kJ|1.05505585262|||08/07/2010 10:38|
25.45.229_V1|[BTU_TH]|[Btu_th]|thermochemical British thermal unit|C|0|1||kJ|kJ|1.054350|||08/07/2010 10:38|
25.45.230_V1|[BTU]|[Btu]|British thermal unit|C|0|1||[BTU_TH]|[Btu_th]|1|||08/07/2010 10:38|
25.45.45_V1|J|J|Joule|C|0|1||N.M|N.m|1|||08/07/2010 10:38|
25.45.82_V1|EV|eV|electronvolt|C|0|1||[E].V|[e].V|1|||08/07/2010 10:38|
25.46_V1|-|power|power|A|0|1|||||||08/07/2010 10:38|
25.46.231_V1|[HP]|[HP]|horsepower|C|0|1||[FT_I].[LBF_AV]/S|[ft_i].[lbf_av]/s|550|||08/07/2010 10:38|
25.46.46_V1|W|W|Watt|C|0|1||J/S|J/s|1|||08/07/2010 10:38|
25.47_V1|-|electric current|electric current|A|0|1|||||||08/07/2010 10:38|
25.47.104_V1|BI|Bi|Biot|C|0|1||A|A|10|||08/07/2010 10:38|
25.47.47_V1|A|A|Ampère|C|0|1||C/S|C/s|1|||08/07/2010 10:38|
25.48_V1|-|electric potential|electric potential|A|0|1|||||||08/07/2010 10:38|
25.48.48_V1|V|V|Volt|C|0|1||J/C|J/C|1|||08/07/2010 10:38|
25.49_V1|-|electric capacitance|electric capacitance|A|0|1|||||||08/07/2010 10:38|
25.49.49_V1|F|F|Farad|C|0|1||C/V|C/V|1|||08/07/2010 10:38|
25.50_V1|-|electric resistance|electric resistance|A|0|1|||||||08/07/2010 10:38|
25.50.50_V1|OHM|Ohm|Ohm|C|0|1||V/A|V/A|1|||08/07/2010 10:38|
25.51_V1|-|electric conductance|electric conductance|A|0|1|||||||08/07/2010 10:38|
25.51.295_V1|MHO|mho|mho|C|0|1||S|S|1|||08/07/2010 10:38|
25.51.51_V1|SIE|A|Siemens|C|0|1||OHM-1|Ohm-1|1|||08/07/2010 10:38|
25.52_V1|-|magentic flux|magentic flux|A|0|1|||||||08/07/2010 10:38|
25.52.52_V1|WB|Wb|Weber|C|0|1||V.S|V.s|1|||08/07/2010 10:38|
25.54_V1|-|magnetic flux density|magnetic flux density|A|0|1|||||||08/07/2010 10:38|
25.54.107_V1|GS|G|Gauss|C|0|1||T|T|1e-4|||08/07/2010 10:38|
25.54.54_V1|T|T|Tesla|C|0|1||WB/M2|Wb/m2|1|||08/07/2010 10:38|
25.55_V1|-|inductance|inductance|A|0|1|||||||08/07/2010 10:38|
25.55.55_V1|H|H|Henry|C|0|1||WB/A|Wb/A|1|||08/07/2010 10:38|
25.56_V1|-|luminous flux|luminous flux|A|0|1|||||||08/07/2010 10:38|
25.56.56_V1|LM|lm|lumen|C|0|1||CD.SR|cd.sr|1|||08/07/2010 10:38|
25.57_V1|-|illuminance|illuminance|A|0|1|||||||08/07/2010 10:38|
25.57.112_V1|PHT|ph|phot|C|0|1||LX|lx|1e-4|||08/07/2010 10:38|
25.57.57_V1|LX|lx|lux|C|0|1||LM/M2|lm/m2|1|||08/07/2010 10:38|
25.58_V1|-|radioactivity|radioactivity|A|0|1|||||||08/07/2010 10:38|
25.58.113_V1|CI|Ci|Curie|C|0|1||BQ|Bq|3.7e10|||08/07/2010 10:38|
25.58.58_V1|BQ|Bq|Becquerel|C|0|1||S-1|s-1|1|||08/07/2010 10:38|
25.59_V1|-|energy dose|energy dose|A|0|1|||||||08/07/2010 10:38|
25.59.115_V1|[RAD]|RAD|radiation absorbed dose|C|0|1||ERG/G|erg/g|100|||08/07/2010 10:38|
25.59.59_V1|GY|Gy|Gray|C|0|1||J/KG|J/kg|1|||08/07/2010 10:38|
25.60_V1|-|dose equivalent|dose equivalent|A|0|1|||||||08/07/2010 10:38|
25.60.116_V1|[REM]|REM|radiation equivalent man|C|0|1||[RAD]|RAD|1|||08/07/2010 10:38|
25.60.60_V1|SV|Sv|Sievert|C|0|1||J/KG|J/kg|1|||08/07/2010 10:38|
25.65_V1|-|volume|volume|A|0|1|||||||08/07/2010 10:38|
25.65.127_V1|[CIN_I]|[cin_i]|cubic inch|C|0|1||[IN_I]3|[in_i]3|1|||08/07/2010 10:38|
25.65.128_V1|[CFT_I]|[cft_i]|cubic foot|C|0|1||[FT_I]3|[ft_i]3|1|||08/07/2010 10:38|
25.65.129_V1|[CYD_I]|[cyd_i]|cubic yard|C|0|1||[YD_I]3|[yd_i]3|1|||08/07/2010 10:38|
25.65.130_V1|[BF_I]|[bf_i]|board foot|C|0|1||[IN_I]3|[in_i]3|144|||08/07/2010 10:38|
25.65.131_V1|[CR_I]|[cr_i]|cord|C|0|1||[FT_I]3|[ft_i]3|128|||08/07/2010 10:38|
25.65.178_V1|[TBS_US]|[tbs_us]|tablespoon|C|0|1||[FOZ_US]/2|[foz_us]/2|1|||08/07/2010 10:38|
25.65.179_V1|[TSP_US]|[tsp_us]|teaspoon|C|0|1||[TBS_US]/3|[tbs_us]/3|1|||08/07/2010 10:38|
25.65.180_V1|[CUP_US]|[cup_us]|cup|C|0|1||[TBS_US]|[tbs_us]|16|||08/07/2010 10:38|
25.65.181_V1|[GAL_BR]|[gal_br]|gallon|C|0|1||L|l|4.54609|||08/07/2010 10:38|
25.65.182_V1|[PK_BR]|[pk_br]|peck|C|0|1||[GAL_BR]|[gal_br]|2|||08/07/2010 10:38|
25.65.183_V1|[BU_BR]|[bu_br]|bushel|C|0|1||[PK_BR]|[pk_br]|4|||08/07/2010 10:38|
25.65.184_V1|[QT_BR]|[qt_br]|quart|C|0|1||[GAL_BR]/4|[gal_br]/4|1|||08/07/2010 10:38|
25.65.185_V1|[PT_BR]|[pt_br]|pint|C|0|1||[QT_BR]/2|[qt_br]/2|1|||08/07/2010 10:38|
25.65.186_V1|[GIL_BR]|[gil_br]|gill|C|0|1||[PT_BR]/4|[pt_br]/4|1|||08/07/2010 10:38|
25.65.187_V1|[FOZ_BR]|[foz_br]|fluid ounce|C|0|1||[GIL_BR]/5|[gil_br]/5|1|||08/07/2010 10:38|
25.65.188_V1|[FDR_BR]|[fdr_br]|fluid dram|C|0|1||[FOZ_BR]/8|[foz_br]/8|1|||08/07/2010 10:38|
25.65.189_V1|[MIN_BR]|[min_br]|minim|C|0|1||[FDR_BR]/60|[fdr_br]/60|1|||08/07/2010 10:38|
25.65.243_V1|[DRP]|[drp]|drop|C|0|1||ML/12|ml/12|1|||08/07/2010 10:38|
25.65.291_V1|STR|st|stere|C|0|1||M3|m3|1|||08/07/2010 10:38|
25.65.65_V1|L|l|liter|C|0|1||DM3|dm3|1|||08/07/2010 10:38|
25.66_V1|-|area|area|A|0|1|||||||08/07/2010 10:38|
25.66.124_V1|[SIN_I]|[sin_i]|square inch|C|0|1||[IN_I]2|[in_i]2|1|||08/07/2010 10:38|
25.66.125_V1|[SFT_I]|[sft_i]|square foot|C|0|1||[FT_I]2|[ft_i]2|1|||08/07/2010 10:38|
25.66.126_V1|[SYD_I]|[syd_i]|square yard|C|0|1||[YD_I]2|[yd_i]2|1|||08/07/2010 10:38|
25.66.133_V1|[CML_I]|[cml_i]|circular mil|C|0|1||[PI]/4.[MIL_I]2|[pi]/4.[mil_i]2|1|||08/07/2010 10:38|
25.66.146_V1|[ACR_US]|[acr_us]|acre|C|0|1||[RD_US]2|[rd_us]2|160|||08/07/2010 10:38|
25.66.147_V1|[SRD_US]|[srd_us]|square rod|C|0|1||[RD_US]2|[rd_us]2|1|||08/07/2010 10:38|
25.66.148_V1|[SMI_US]|[smi_us]|square mile|C|0|1||[MI_US]2|[mi_us]2|1|||08/07/2010 10:38|
25.66.149_V1|[SCT]|[sct]|section|C|0|1||[MI_US]2|[mi_us]2|1|||08/07/2010 10:38|
25.66.150_V1|[TWP]|[twp]|township|C|0|1||[SCT]|[sct]|36|||08/07/2010 10:38|
25.66.163_V1|[ACR_BR]|[acr_br]|acre|C|0|1||[YD_BR]2|[yd_br]2|4840|||08/07/2010 10:38|
25.66.66_V1|AR|ar|are|C|0|1||M2|m2|100|||08/07/2010 10:38|
25.85_V1|-|velocity|velocity|A|0|1|||||||08/07/2010 10:38|
25.85.123_V1|[KN_I]|[kn_i]|knot|C|0|1||[NMI_I]/H|[nmi_i]/h|1|||08/07/2010 10:38|
25.85.162_V1|[KN_BR]|[kn_br]|knot|C|0|1||[NMI_BR]/H|[nmi_br]/h|1|||08/07/2010 10:38|
25.85.85_V1|[C]|[c]|velocity of light|C|0|1||M/S|m/s|299792458|||08/07/2010 10:38|
25.86_V1|-|action|action|A|0|1|||||||08/07/2010 10:38|
25.86.86_V1|[H]|[h]|Planck constant|C|0|1||J.S|J.s|6.6260755e-24|||08/07/2010 10:38|
25.87_V1|-|(unclassified)|(unclassified)|A|0|1|||||||08/07/2010 10:38|
25.87.87_V1|[K]|[k]|Boltzmann constant|C|0|1||J/K|J/K|1.380658e-23|||08/07/2010 10:38|
25.87.93_V1|[GC]|[G]|Newtonian constant of gravitation|C|0|1||M3.KG-1.S-2|m3.kg-1.s-2|6.67259e-11|||08/07/2010 10:38|
25.88_V1|-|electric permittivity|electric permittivity|A|0|1|||||||08/07/2010 10:38|
25.88.88_V1|[eps_0]|[eps_0]|permittivity of vacuum|C|0|1||F/M|F/m|8.854187817e-12|||08/07/2010 10:38|
25.89_V1|-|magnetic permeability|magnetic permeability|A|0|1|||||||08/07/2010 10:38|
25.89.89_V1|[mu_0]|[mu_0]|permeability of vacuum|C|0|1||4.[PI].10*-7.N/A2|4.[pi].10*-7.N/A2|1|||08/07/2010 10:38|
25.94_V1|-|acceleration|acceleration|A|0|1|||||||08/07/2010 10:38|
25.94.100_V1|GL|Gal|Gal|C|0|1||CM/S2|cm/s2|1|||08/07/2010 10:38|
25.94.94_V1|[G]|[g]|standard acceleration of free fall|C|0|1||M/S|m/s2|9.80665|||08/07/2010 10:38|
25.99_V1|-|lineic number|lineic number|A|0|1|||||||08/07/2010 10:38|
25.99.241_V1|[MESH_I]|[mesh_i]|mesh|C|0|1||/[IN_I]|/[in_i]|1|||08/07/2010 10:38|
25.99.99_V1|KY|Ky|Kayser|C|0|1||CM-1|cm-1|1|||08/07/2010 10:38|
